{
  "members": [
    {
      "name": "Артём",
      "surname": "Хачатуров",
      "photo": "/static/img/alien_1.png",
      "prof": [
        "инженер-исследователь",
        "пилот",
        "строитель"
      ]
    },
    {
      "name": "Энди",
      "surname": "Уир",
      "photo": "/static/img/creation.jpg",
      "prof": [
        "специалист по радиационной защите",
        "астрогеолог"
      ]
    },
    {
      "name": "Антон",
      "surname": "Кудрявцев",
      "photo": "/static/img/alien_2.jpg",
      "prof": [
        "метеоролог",
        "оператор марсохода",
        "киберинженер",
        "штурман"
      ]
    }
  ]
}